"text","word_scores","compound","pos","neu","neg","but_count"
"Covid vaccines for people over in South Africa  registration and rollout dates Registrations open July The rollout starts August ","{0, 0, 0, 0, 0, 0, 0, 0, 0, 0, 0, 0, 0, 0, 0, 0, 0, 0, 0, 0}",0,0,1,0,0
"People aged between amp can register for COVID jabs from July","{0, 0, 0, 0, 0, 0, 0, 0, 0, 0, 0}",0,0,1,0,0
"Covid Gauteng records deadliest week on record amid third wave driven by De","{0, 0, 0, 0, 0, 0, 0, 0, 0, 0, 0, 0, 0}",0,0,1,0,0
"Proceed with caution Employers have a right to insist that employees be vaccinated against Covid ","{0, 0, 0, 0, 0, 0, 0, 0, 0, 0, 0, 0, 0, 0, 0}",0,0,1,0,0
"Helping my Girlfriend","{1.2, 0, 0}",0.296,0.524,0.476,0,0
"How are Nightclubs in your area managing with covid and lockdowns ","{0, 0, 0, 0, 0, 0, 0, 0, 0, 0, 0}",0,0,1,0,0
"Grocery Deliveries Options for Springs GP","{0, 0, 0, 0, 0, 0}",0,0,1,0,0
"COVID in SA new cases deaths recorded eNCA","{0, 0, 0, 0, 0, 0, 0, 0}",0,0,1,0,0
"Zuma appeals against his sentence Says he is at risk due to Covid ","{0, 0, 0, 0, 0.3, 0, 0, 0, 0, -1.1, 0, 0, 0}",-0.202,0.09,0.764,0.146,0
"Covid deaths in Gauteng much worse than reported","{0, 0, 0, 0, 0, -2.1, 0, 0}",-0.477,0,0.693,0.307,0
"Positive New Data for Johnson amp Johnson Single Shot COVID Vaccine on Activity Against Delta Variant and Long lasting Durability of Response Johnson amp Johnson","{2.6, 0, 0, 0, 0, 0, 0, 0, 0, 0, 0, 0, 0, 0, 0, 0, 0, 0, 0, 0, 0, 0, 0, 0, 0}",0.557,0.13,0.87,0,0
"How long do you guys think it s going to be before JZ gives Schabir Shaik s doctor a call ","{0, 0, 0, 0, 0, 0, 0, 0, 0, 0, 0, 0, 0, 0, 0, 0, 0, 0, 0, 0}",0,0,1,0,0
"Zuma tells ConCourt jail term is a death sentence raises Covid fears in","{0, 0, 0, 0, 0, 0, 0, -2.9, 0.3, 0, 0, -1.8, 0}",-0.751,0.072,0.556,0.372,0
"Supporters of Jacob Zuma Why do you support him ","{1.9, 0, 0, 0, 0, 0, 0, 1.7, 0}",0.681,0.444,0.556,0,0
"Governments Vaccine rollout programme","{0, 0, 0, 0}",0,0,1,0,0
"Sahpra approves use of Sinovac Covid vaccine","{0, 1.7, 0, 0, 0, 0, 0}",0.402,0.31,0.69,0,0
"COVID Gauteng health dept repurposing its budget to recruit more staff beds","{0, 0, 0, 0, 0, 0, 0, 0, 0, 0, 0, 0}",0,0,1,0,0
"COVID in SA new cases deaths eNCA","{0, 0, 0, 0, 0, 0, 0}",0,0,1,0,0
"legal input needed","{0.5, 0, 0}",0.128,0.429,0.571,0,0
"COVID in SA new cases deaths","{0, 0, 0, 0, 0, 0}",0,0,1,0,0
"Covid South Africa records new infections deaths News ","{0, 0, 0, 0, 0, 0, 0, 0}",0,0,1,0,0
"SA records more COVID deaths amp new cases Eyewitness News","{0, 0, 0, 0, 0, 0, 0, 0, 0, 0}",0,0,1,0,0
"Decision on Sinovac Covid vaccine application expected soon Sahpra News ","{0, 0, 0, 0, 0, 0, 0, 0, 0, 0}",0,0,1,0,0
"Edward Zuma not worried about COVID calls on his father s supporters to gather","{0, 0, 0, 0.888, 0, 0, 0, 0, 0, 0, 0, 1.9, 0, 0}",0.584,0.285,0.715,0,0
"Harold from Netflorist got Covid I think","{0, 0, 0, 0, 0, 0, 0}",0,0,1,0,0
"How can I report my church for letting peoole with family members at home who have covid going in to work ","{0, 0, 0, 0, 0, 0, 0, 0, 0, 0, 0, 0, 0, 0, 0, 0, 0, 0, 0, 0, 0}",0,0,1,0,0
"Delta variant of Covid hits South Africa Gauteng will look like India warns expert","{0, 0, 0, 0, 0, 0, 0, 0, 0, 0, 1.5, 0, -0.4, 0}",0.273,0.157,0.755,0.088,0
"I work at pizza perfect and I m reviewing every pizza","{0, 0, 0, 0, 2.7, 0, 0, 0, 0, 0, 0}",0.572,0.27,0.73,0,0
"Covid daily cases trend by province June ","{0, 0, 0, 0, 0, 0, 0}",0,0,1,0,0
"Highly infectious Delta Covid variant is ripping through South Africa health department BusinessTech","{0, 0, 0, 0, 0, 0, 0, 0, 0, 0, 0, 0, 0}",0,0,1,0,0
"Trip to south Africa Capetown","{0, 0, 0, 0, 0}",0,0,1,0,0
"Are we seeing a repeat of the Indian COVID tragedy in Africa COVID Special","{0, 0, 0, 0, 0, 0, 0, 0, 0, -3.4, 0, 0, 0, 1.7}",-0.402,0.141,0.628,0.23,0
"How to send prescription medication from Western cape to Gauteng ","{0, 0, 0, 0, 0, 0, 0, 0, 0, 0}",0,0,1,0,0
"Police and soldiers to arrest those not wearing Covid masks in Gauteng  Premier David Makhura","{0, 0, 0, 0, -1.4, 0, 0, 0, 0, 0, 0, 0, 0, 0, 0, 0}",-0.34,0,0.862,0.138,0
"Your best Unemployment and job searching advice during a covid economy ","{0, 3.2, -1.9, 0, 0, 0, 0, 0, 0, 0, 0}",0.318,0.261,0.559,0.18,0
"Western Cape battling to control spike in Covid infections IOL","{0, 0, -1.1, 0, 0, 0, 0, 0, 0, 0}",-0.273,0,0.811,0.189,0
"Lockdown from your Perspective ","{0, 0, 0, 0}",0,0,1,0,0
"EFF take to the streets to demand approval of Sputnik V and Coronavac Covid vaccines Independent Online","{0, 0, 0, 0, 0, 0, -0.5, 2.1, 0, 0, 0, 0, 0, 0, 0, 0, 0}",0.382,0.158,0.765,0.077,0
"Lockdown Level Megathread","{0, 0, 0}",0,0,1,0,0
"travel in july","{0, 0, 0}",0,0,1,0,0
" People are going to die Doctors forced to choose who to save as Covid third wave batters Gauteng News ","{0, 0, 0, 0, 0, -2.9, 0, -2, 0, 0, 0, 0, 2.2, 0, 0, 0, 0, 0, 0, 0}",-0.572,0.118,0.627,0.255,0
"Harder lockdown for South Africa beckons as Gauteng passes daily Covid cases BusinessTech","{0, 0, 0, 0, 0, 0, 0, 0, 0, 0, 0, 0, 0}",0,0,1,0,0
"Ramaphosa worried about Gauteng COVID wave eNCA","{0, -1.2, 0, 0, 0, 0, 0}",-0.296,0,0.732,0.268,0
"Covid Too late to put in tighter restrictions on Gauteng experts News ","{0, 0, 0, 0, 0, 0, 0, 0, 0, 0, 0, 0}",0,0,1,0,0
"WHO supporting South African consortium to establish first COVID mRNA vaccine technology transfer hub","{0, 1.9, 0, 0, 0, 0, 0, 0, 0, 0, 0, 0, 0, 0}",0.44,0.182,0.818,0,0
"North West University covid and exams ","{0, 0, 0, 0, 0, 0}",0,0,1,0,0
"Vaccines amp Comorbidities","{0, 0, 0}",0,0,1,0,0
"I m calling it weeks max before everyone goes from chilling without masks in public to please stay home O ","{0, 0, 0, 0, 0, 0, 0, 0, 0, 0, -0.1, 0, 0, 0, 0, 0, 1.3, 0, 0, 0}",0.296,0.107,0.841,0.051,0
"SA s Covid cases climb by more than new deaths reported IOL","{0, 0, 0, 0, 0, 0, 0, 0, 0, 0, 0, 0}",0,0,1,0,0
"Joburg Mayor Geoff Makhubo positive for Covid News ","{0, 0, 0, 0, 2.6, 0, 0, 0}",0.557,0.34,0.66,0,0
"Registration at two tertiary institutions","{0, 0, 0, 0, 0}",0,0,1,0,0
"SA records more than new Covid cases in hours TimesLIVE","{0, 0, 0, 0, 0, 0, 0, 0, 0, 0}",0,0,1,0,0
"COVID SANDF says Ramaphosa must approve deployment eNCA","{0, 0, 0, 0, 0, 0, 0, 0}",0,0,1,0,0
"Covid Schools ","{0, 0}",0,0,1,0,0
"COVID in SA SANDF medics deployed to Gauteng eNCA","{0, 0, 0, 0, 0, 0, 0, 0, 0}",0,0,1,0,0
"The elbow covid greeting makes no sense ","{0, 0, 0, 1.6, 0, -1.2, 0}",0.103,0.265,0.51,0.224,0
"Australian wanting to visit South Africa","{0, 0, 0, 0, 0, 0}",0,0,1,0,0
"WATCH We won t comply with Ramaphosa s Covid lockdown rules until we get vaccines Malema News ","{0, 0, 2.7, 0, 0, 0, 0, 0, 0, 0, 0, 0, 0, 0, 0, 0, 0}",0.572,0.188,0.812,0,0
"Tested positive for covid had no fever no coughing no loss of taste Symptoms were headache body ache cold sleepy If you have similar symptoms get tested","{0, 2.6, 0, 0, 0, 0, 0, 0.888, 0, 0.888, 0.962, 0, 0, 0, 0, 0, 0, -1.6, 0, 0, 0, 0, 0, 0, 0, 0, 0}",0.694,0.275,0.648,0.077,0
"Nothing worse than covid at pm","{0, 1.554, 0, 0, 0, 0}",0.372,0.338,0.662,0,0
"Alcohol Sales and Covid ","{0, 0, 0, 0}",0,0,1,0,0
"Crime joblessness and Covid Why young people are angry and frustrated News ","{-2.5, 0, 0, 0, 0, 0, 0, 0, -2.3, 0, -2.4, 0}",-0.881,0,0.469,0.531,0
"President Ramaphosa addresses the nation on governments Covid response TimesLIVE","{0, 0, 0, 0, 0, 0, 0, 0, 0, 0}",0,0,1,0,0
"Thinking about moving to SA from the US for a few years Concerned about the crime rate and standard of living","{0, 0, 0, 0, 0, 0, 0, 0, 0, 0, 0, 0, 0, 0, 0, -2.5, 0, 0, 0, 0, 0}",-0.542,0,0.851,0.149,0
"Six elderly tourists die after out of on Namibia tour bus test positive for Covid ","{0, 0, 0, -2.9, 0, 0, 0, 0, 0, 0, 0, 0, 2.6, 0, 0}",-0.077,0.176,0.634,0.19,0
"Where to source wholesale fabric and jewelry supplies ","{0, 0, 0, 0, 0, 0, 0, 0}",0,0,1,0,0
" new Covid cases in SA deaths recorded By IOL Reporter m ago IOL","{0, 0, 0, 0, 0, 0, 0, 0, 0, 0, 0, 0, 0, 0}",0,0,1,0,0
"SAA misinformation floating around amp an analysis","{0, -1.3, 0, 0, 0, 0, 0}",-0.318,0,0.723,0.277,0
"SA records more COVID cases with Gauteng accounting for of total Eyewitness News","{0, 0, 0, 0, 0, 0, 0, 0, 0, 0, 0, 0, 0}",0,0,1,0,0
"Covid SA records new confirmed cases and deaths News ","{0, 0, 0, 0, 0, 0, 0, 0, 0}",0,0,1,0,0
"Coming into country ","{0, 0, 0}",0,0,1,0,0
" new Covid cases recorded as SAs recovery rate stands at IOL","{0, 0, 0, 0, 0, 0, 0, 0, 0, 0, 0, 0}",0,0,1,0,0
"Where to watch Euro ","{0, 0, 0, 0}",0,0,1,0,0
"Ramaphosa wants to see black business capitalise on COVID vaccine manufacturing Eyewitness News","{0, 0, 0, 0, 0, 0, 0, 0, 0, 0, 0, 0, 0}",0,0,1,0,0
"Over new Covid infections more people vaccinated IOL","{0, 0, 0, 0, 0, 0, 0, 0}",0,0,1,0,0
"Affluent areas hard hit by pre third wave Covid spike in Cape IOL","{0, 0, -0.4, 0, 0, 0, 0, 0, 0, 0, 0, 0, 0}",-0.103,0,0.896,0.104,0
"COVID in SA deaths new cases recorded eNCA","{0, 0, 0, 0, 0, 0, 0, 0}",0,0,1,0,0
"Need some advice regarding my problematic neighbour I m at the end of my rope ","{0, 0, 0, 0, 0, -1.9, 0, 0, 0, 0, 0, 0, 0, 0, 0}",-0.44,0,0.828,0.172,0
"Four seven and fifteen","{0, 0, 0, 0}",0,0,1,0,0
"Ramaphosa announces arrival of more COVID vaccine doses in SA Eyewitness News","{0, 0, 0, 0, 0, 0, 0, 0, 0, 0, 0, 0}",0,0,1,0,0
"Covid ventilator project","{0, 0, 0}",0,0,1,0,0
"Further COVID restrictions necessary says Ramaphosa as SA moves to level Eyewitness News","{0, 0, 0, 0, 0, 0, 0, 0, 0, 0, 0, 0, 0}",0,0,1,0,0
"Ramaphosa to address the nation on stricter Covid lockdown measures at News ","{0, 0, 0, 0, 0, 0, 0, 0, 0, 0, 0, 0}",0,0,1,0,0
"My mom tested positive for covid on Tuesday and yesterday she went for an cray and they said she has pneumonia ","{0, 0, 0, 2.6, 0, 0, 0, 0, 0, 0, 0, 0, 0, 0, 0, 0, 0, 0, 0, 0, 0}",0.557,0.153,0.847,0,0
"Covid Harsh curbs coming Citypress News ","{0, -1.9, 0, 0, 0, 0}",-0.44,0,0.633,0.367,0
"COVID We are approaching third wave Ramaphosa eNCA","{0, 0, 0, 0, 0, 0, 0, 0}",0,0,1,0,0
"My web app showing trends in daily covid cases by province","{0, 0, 0, 0, 0, 0, 0, 0, 0, 0, 0}",0,0,1,0,0
"My thoughts on trying to find employment in the current job market","{0, 0, 0, 0, 0, 0, 0, 0, 0, 0, 0, 0}",0,0,1,0,0
"Credit Life Insurance is a scam","{1.6, 0, 0, 0, 0, -2.7}",-0.273,0.252,0.388,0.359,0
"Covid vaccine rollout Government is moving as fast as it can Parliament hears News ","{0, 0, 0, 0, 0, 0, 0, 0, 0, 0, 0, 0, 0, 0}",0,0,1,0,0
"Travelling to UK amp need some insight advice please ","{0, 0, 0, 0, 0, 0, 0, 0, 1.3}",0.318,0.223,0.777,0,0
"As someone who had covid I d happily be a guinea pig ","{0, 0, 0, 0, 0, 0, 0, 2.6, 0, 0, 0, 0}",0.557,0.247,0.753,0,0
"Immigration spots","{0, 0}",0,0,1,0,0
"Grade pupil dies of Covid complications as cases rise in Free State schools SowetanLIVE","{0, 0, 0, 0, 0, 0, 0, 0, 0, 0, 2.3, 0, 0, 0}",0.511,0.202,0.798,0,0
"UIF CFO COO back at work after Covid Ters corruption suspensions","{0, 0, 0, 0, 0, 0, 0, 0, 0, 0, 0}",0,0,1,0,0
"Exposed DoHs R m Digital Vibes scandal  Zweli Mkhize associates charged millions for Covid media briefings","{-0.3, 0, 0, 0, 0, 0, -1.9, 0, 0, 0, 0, -0.8, 0, 0, 0, 0, 0}",-0.612,0,0.7,0.3,0
"Visiting Covid ","{0, 0}",0,0,1,0,0
"Covid Sharp rise in active cases in Gauteng as SA death toll increases by News ","{0, 0, 0, 0, 1.7, 0, 0, 0, 0, 0, -2.9, 0, 0, 0, 0}",-0.296,0.138,0.663,0.199,0
"How long will you wait for a Covid vaccination appointment We answer EVDS questions News ","{0, 0, 0, 0, 0, 0, 0, 0, 0, 0, 0, 0, 0, 0, 0}",0,0,1,0,0
"Discovery has started Covid vaccinations and non members can also get jabbed at its sites","{0, 0, 0, 0, 0, 0, 0, 0, 0, 0, 0, 0, 0, 0, 0}",0,0,1,0,0
"That red bank","{0, 0, 0}",0,0,1,0,0
" It s important to give this country a fighting chance Phase of Covid vaccinations starts News ","{0, 0, 0, 0.8, 0, 0, 0, 0, 0, -1.5, 1, 0, 0, 0, 0, 0, 0}",0.077,0.187,0.69,0.123,0
"Questions about stability of Covid platform on Day of second phase vaccinations News ","{0, 0, 0, 0, 0, 0, 0, 0, 0, 0, 0, 0, 0}",0,0,1,0,0
"Just some Covid idiots starting off their Saturday","{0, 0, 0, 0, 0, 0, 0, 0}",0,0,1,0,0
"Covid SA reports new cases and deaths By IOL Reporter s ago IOL","{0, 0, 0, 0, 0, 0, 0, 0, 0, 0, 0, 0, 0}",0,0,1,0,0
"Covid in SA new cases new deaths IOL","{0, 0, 0, 0, 0, 0, 0, 0}",0,0,1,0,0
"For International Nurses Day here is my story of how I survived day s in hospital with severe Covid ","{0, 0, 0, 0, 0, 0, 0, 0, 0, 0, 0, 2.3, 0, 0, 0, 0, 0, -1.6, 0}",0.178,0.144,0.742,0.114,0
"With vaccines opening up to more of the public what is your view if your opportunity came now to get one ","{0, 0, 0, 0, 0, 0, 0, 0, 0, 0, 0, 0, 0, 0, 0, 1.8, 0, 0, 0, 0, 0}",0.421,0.123,0.877,0,0
"New Covid data shows infections rising in these areas  as third wave hits South Africa BusinessTech","{0, 0, 0, 0, 0, 0, 0, 0, 0, 0, 0, 0, 0, 0, 0, 0, 0}",0,0,1,0,0
"Kyle Cowan Minister Mkhize it s time to trust South Africans with the truth around Covid News ","{0, 0, 0, 0, 0, 0, 0, 0, 2.3, 0, 0, 0, 0, 1.3, 0, 0, 0}",0.681,0.272,0.728,0,0
" of South Africans are willing to take the Covid vaccine study News ","{0, 0, 0, 0, 0, 0, 0, 0, 0, 0, 0, 0, 0}",0,0,1,0,0
"Indias Covid Catastrophe Shows World the Danger of Complacency South Africa take NOTE ","{0, 0, -3.4, 0, 0, 0, -2.4, 0, 0, 0, 0, 0, 0}",-0.832,0,0.585,0.415,0
"Blockchain based VXPASS selected to manage and verify digital records for COVID vaccination rollout for Kingdom of Lesotho","{0, 0, 0, 0, 0, 0, 0, 0, 0, 0, 0, 0, 0, 0, 0, 0, 0, 0}",0,0,1,0,0
"Covid Move to a stricter lockdown level experts warn as third wave looms News ","{0, 0, 0, 0, 0, 0, 0, 0, -0.4, 0, 0, 0, -0.6, 0}",-0.25,0,0.8,0.2,0
"I live in Korea and its my friends birthday and I want to make her milk tart But Ive never made it Could someone give me a good recipe ","{0, 0, 0, 0, 0, 0, 0, 1.05, 0, 0, 0, 0.15, 0, 0, 0, 0, 0, 0, 0, 0, 0, 0, 0, 0, 0, 0, 0, 2.85, 0}",0.723,0.213,0.787,0,1
"Vaccine tourism South Africans cross border to Zimbabwe for Covid jab","{0, 0, 0, 0, 0, 0, 0, 0, 0, 0, 0}",0,0,1,0,0
"When will you get your COVID jab Find out","{0, 0, 0, 0, 0, 0, 0, 0, 0}",0,0,1,0,0
"US backs waiving patents on COVID vaccines","{0, -0.2, 0, 0, 0, 0, 0}",-0.052,0,0.833,0.167,0
"SA sees jump in new COVID infections as cases recorded","{0, 0, 0, 0, 0, 0, 0, 0, 0, 0}",0,0,1,0,0
"US back waiving patent protection for covid vaccine ","{0, 0, 0, 0, 0, 0, 0, 0}",0,0,1,0,0
"REGISTRATION FOR Covid Vaccine please make sure we do The rollout starts with and above ","{0, 0, 0, 0, 1.3, 0, 1.3, 0, 0, 0, 0, 0, 0, 0, 0}",0.557,0.261,0.739,0,0
"Tweaked Moderna vaccine neutralises Covid variants in trials for South African and Brazil strains","{0, 0, 0, 0, 0, 0, 0, 0, 0, 0, 0, 0, 0, -1.2}",-0.296,0,0.855,0.145,0
"Ramaphosa warns vaccine hoarding hampers global fight against Covid News ","{0, -0.4, 0, 0, 0, 0, -1.6, 0, 0, 0}",-0.459,0,0.667,0.333,0
"Indian cargo ship quarantined in Durban crew tested for Covid TimesLIVE","{0, 0, 0, 0, 0, 0, 0, 0, 0, 0, 0}",0,0,1,0,0
"Current Calls for Comments in Parliament","{0, 0, 0, 0, 0, 0}",0,0,1,0,0
"Covid SA does not have the B variant which is prevalent in India Zweli Mkhize News ","{0, 0, 0, 0, 0, 0, 0, 0, 0, 0, 0, 0, 0, 0, 0, 0}",0,0,1,0,0
"Covid in South Africa excess deaths in one year","{0, 0, 0, 0, 0, 0, 0, 0, 0}",0,0,1,0,0
"Individual who travelled from India to SA tests positive for Covid ","{0, 0, 0, 0, 0, 0, 0, 0, 2.6, 0, 0}",0.557,0.265,0.735,0,0
"Covid in South Africa Death toll climbs by as infections increase by News ","{0, 0, 0, 0, -2.9, 0, 0, 0, 0, 0, 1.3, 0, 0}",-0.382,0.134,0.64,0.227,0
"The rand has emerged as an unlikely winner among emerging market currencies since the COVID pandemic swept the globe despite South Africa s high levels of debt and unemployment ","{0, 0, 0, 0, 0, 0, 0, 2.8, 0, 0, 0, 0, 0, 0, 0, 0, 0, 0, 0, 0, 0, 0, 0, 0, 0, 0, -1.5, 0, -1.9}",-0.153,0.108,0.739,0.153,0
"South Africa to use Russian and Chinese Covid vaccines","{0, 0, 0, 0, 0, 0, 0, 0, 0}",0,0,1,0,0
"Health Minister Mkhize notes COVID cluster outbreaks in these provinces Eyewitness News","{0, 0, 0, 0, 0, 0, 0, 0, 0, 0, 0, 0}",0,0,1,0,0
"Study on Coping with Working From Home During the Pandemic","{0, 0, 0, 0, 0, 0, 0, 0, 0, 0}",0,0,1,0,0
"Moderna on Intellectual Property Matters during the COVID Pandemic","{0, 0, 2.3, 0, 0.1, 0, 0, 0, 0}",0.527,0.386,0.614,0,0
"American going to Cape Town","{0, 0, 0, 0, 0}",0,0,1,0,0
"More than k elderly S Africans registered for Covid vaccine rollout so far","{0, 0, 0, 0, 0, 0, 0, 0, 0, 0, 0, 0, 0}",0,0,1,0,0
"Does SA not require plumbers and artisans anymore ","{0, 0, 0, 0, 0, 0, 0, 0}",0,0,1,0,0
"My year old mom survived Covid in a public hospital ","{0, 0, 0, 0, 2.3, 0, 0, 0, 0, 0}",0.511,0.268,0.732,0,0
" more Covid related deaths and new cases in SA as Mkhize set to launch phase of vaccine rollout IOL","{0, 0, 0, 0, 0, 0, 0, 0, 0, 0, 0, 0, 0, 0, 0, 0, 0, 0, 0, 0}",0,0,1,0,0
"The Covid vaccine you will receive based on where you live  and the jobs that will likely be vaccinated first BusinessTech","{0, 0, 0, 0, 0, 0, 0, 0, 0, 0, 0, 0, 0, 0, 0, 0, 0, 0, 0, 0, 0, 0}",0,0,1,0,0
"Updates on visiting","{0, 0, 0}",0,0,1,0,0
"Operation","{0}",0,0,1,0,0
"Since you guys enjoyed the first post about my band I decided to do another one ","{0, 0, 0, 2.3, 0, 0, 0, 0, 0, 0, 0, 0, 0, 0, 0, 0}",0.511,0.18,0.82,0,0
"South Africas Covid vaccination programme fallen behind at least six African countries a Bloomberg global vaccine tracker shows","{0, 0, 0, 0, 0, -1.5, 0, 0, 0, 0, 0, 0, 0, 0, 0, 0, 0, 0}",-0.361,0,0.872,0.128,0
"Ahead of possible third Covid wave industry says alcohol ban doesn t work Fin News ","{0, 0, 0, 0, 0, 0, 0, 0, 0, -2.6, 0, 0, 0, 0, 0}",-0.557,0,0.795,0.205,0
"SA signs deal for million Pfizer Covid doses","{0, 0, 0, 0, 0, 0, 0, 0}",0,0,1,0,0
"COVID South Africa Zimbabwe rush to contain potential surge","{0, 0, 0, 0, 0, 0, 0, 0, 0}",0,0,1,0,0
"Read next on IOL SA s Covid death rate now at IOL","{0, 0, 0, 0, 0, 0, 0, -2.9, 0, 0, 0, 0}",-0.599,0,0.738,0.262,0
"Major retailer among many rising to call to help beloved Dr Sindi in Covid battle Independent Online","{0, 0, 0, 0, 0, 0, 0, 0, 1.7, 2.3, 0, 0, 0, 0, -1.6, 0, 0}",0.527,0.265,0.619,0.115,0
"Pfizer says trials suggest Covid vaccine works against South African variant is safe after months","{0, 0, 0, 0, 0, 0, 0, 0, 0, 0, 0, 0, 1.9, 0, 0}",0.44,0.172,0.828,0,0
"Covid testing in Joburg Pretoria or Limpopo ","{0, 0, 0, 0, 0, 0, 0}",0,0,1,0,0
"Covid Situation in SA ","{0, 0, 0, 0}",0,0,1,0,0
"South Africa launches TB mobile clinics amid COVID disruption","{0, 0, 0, 0, 0, 0, 0, 0, -1.5}",-0.361,0,0.762,0.238,0
"J amp J To Deliver Millions of COVID Vaccines To Africa","{0, 0, 0, 0, 0, 0, 0, 0, 0, 0, 0}",0,0,1,0,0
"Cape Town artists stage protest over management of Covid relief funding News ","{0, 0, 0, 0, -1, 0, 0, 0, 0, 2.1, 0, 0}",0.273,0.205,0.662,0.132,0
"Tattoo and covid","{0, 0, 0}",0,0,1,0,0
"Easter weekend Brace for the Covid perfect storm IOL","{0, 0, 0, 0, 0, 0, 2.7, 0, 0}",0.572,0.316,0.684,0,0
"Covid truth","{0, 1.3}",0.318,0.697,0.303,0,0
"Kulula COVID flight refund","{0, 0, 0, 0}",0,0,1,0,0
"South African COVID Strain ","{0, 0, 0, -0.2}",-0.052,0,0.714,0.286,0
"More than Covid related deaths and health staff shortages push Eastern Cape hospitals to the edge Daily Maverick","{0, 0, 0, 0, 0, 0, 0, 0, -0.6, 0, 0, 0, 0, 0, 0, 0, 0, 0}",-0.153,0,0.914,0.086,0
"King Goodwill Zwelithinis memorial looked like a Covid superspreader event after officials flout regulations","{0, 0, 0, 0, 0, 1.5, 0, 0, 0, 0, 0, 0, 0, 0}",0.361,0.161,0.839,0,0
"SAA probed after take off blunder on Covid vaccine flight","{0, 0, 0, 0, 0, 0, 0, 0, 0, 0}",0,0,1,0,0
"Out of new Covid deaths in SA are in KwaZulu Natal TimesLIVE","{0, 0, 0, 0, 0, 0, 0, 0, 0, 0, 0, 0}",0,0,1,0,0
"SANDF recruitment help","{0, 0, 1.7}",0.402,0.574,0.426,0,0
"President Ramaphosa promises Covid vaccines for every person in the country News ","{0, 0, 1.6, 0, 0, 0, 0, 0, 0, 0, 0, 0}",0.382,0.191,0.809,0,0
"Today marks days since Ramaphosa announced an initial day lockdown","{0, 0, 0, 0, 0, 0, 0, 0, 0, 0}",0,0,1,0,0
"Cape Town company to manufacture Covid vaccine TimesLIVE","{0, 0, 0, 0, 0, 0, 0, 0}",0,0,1,0,0
"Covid Outbreaks at Western Cape school prison reignite third wave fears News ","{0, 0, 0, 0, 0, 0, -2.3, 0, 0, 0, -1.8, 0}",-0.727,0,0.621,0.379,0
"Are most white people in SA right wing ","{0, 0, 0, 0, 0, 0, 0, 0}",0,0,1,0,0
"Insurers planning for two and a half more Covid waves in South Africa","{0, 0, 0, 0, 0, 0, 0, 0, 0, 0, 0, 0, 0}",0,0,1,0,0
"Potential to fly out of the country in months ","{0, 0, 0, 0, 0, 0, 0, 0, 0}",0,0,1,0,0
"Safari in Botswana S Africa","{0, 0, 0, 0, 0}",0,0,1,0,0
"Visa extensions","{0, 0}",0,0,1,0,0
"Would you recommend an American visit right now ","{0, 0, 1.5, 0, 0, 0, 0, 0}",0.361,0.263,0.737,0,0
"Mauritius Will Provide Free Visas and COVID Vaccines to Long term Visitors The program is part of an effort to fully reopen the country s borders and entice long term visitors ","{0, 0, 0, 2.3, 0, 0, 0, 0, 0, 0, 0, 0, 0, 0, 0, 0, 0, 0, 0, 0, 0, 0, 0, 0, 0, 0, 0, 0, 0, 0, 0}",0.511,0.099,0.901,0,0
"Anybody know a place in South Africa that does custom ashtrays ","{0, 0, 0, 0, 0, 0, 0, 0, 0, 0, 0}",0,0,1,0,0
"Travelling to SA","{0, 0, 0}",0,0,1,0,0
"A Question for any South African Lawyers or people familiar with the law ","{0, 0, 0, 0, 0, 0, 0, 0, 0, 0, 0, 0, 0}",0,0,1,0,0
"Absa Deputy CEO Peter Matlare has died from Covid complications","{0, 0, 0, 0, 0, 0, -2.6, 0, 0, 0}",-0.557,0,0.714,0.286,0
"Homeless shelters in Rosebank Jnb","{0, 0, 0, 0, 0}",0,0,1,0,0
"Covid SA finalising sale of m AstraZeneca vaccine doses to AU at price purchased from India News ","{0, 0, 0, 0, 0, 0, 0, 0, 0, 0, 0, 0, 0, 0, 0, 0, 0}",0,0,1,0,0
"Did they also just implement a Covid alcohol ban in Japan ","{0, 0, 0, 0, 0, 0, 0, 0, -2.6, 0, 0}",-0.557,0,0.735,0.265,0
"Covid SA finalising sale of m AstraZeneca vaccine doses to AU at price purchased from India News ","{0, 0, 0, 0, 0, 0, 0, 0, 0, 0, 0, 0, 0, 0, 0, 0, 0}",0,0,1,0,0
"Covid SA finalising sale of m AstraZeneca vaccine doses to AU at price purchased from India News ","{0, 0, 0, 0, 0, 0, 0, 0, 0, 0, 0, 0, 0, 0, 0, 0, 0}",0,0,1,0,0
"Covid deaths in SA rise to with new cases By IOL IOL","{0, 0, 0, 0, 0, 0, 0, 0, 0, 0, 0, 0}",0,0,1,0,0
"SCORPIO Digital Vibes owner worked at a fuel station during R m Department of Health Covid contract","{0, 0, 0, 0, 0, 0, 0, 0, 0, 0, 0, 0, 0, 0, 0, 0, 0}",0,0,1,0,0
"Bloomberg South Africa to miss Covid vaccination targets","{0, 0, 0, 0, -0.6, 0, 0, 0}",-0.153,0,0.814,0.186,0
"South Africas actual Covid death rate  one year later BusinessTech","{0, 0, 0, 0, -2.9, 0, 0, 0, 0, 0, 0}",-0.599,0,0.719,0.281,0
" new Covid cases identified in SA h ago IOL","{0, 0, 0, 0, 0, 0, 0, 0, 0, 0}",0,0,1,0,0
"A year of Covid in SA This is why alcohol was banned By Se Anne IOL","{0, 0, 0, 0, 0, 0, 0, 0, 0, 0, 0, -2, 0, 0, 0, 0}",-0.459,0,0.833,0.167,0
"New SA Covid cases rise over with deaths IOL News IOL","{0, 0, 0, 0, 0, 0, 0, 0, 0, 0, 0}",0,0,1,0,0
"Covid third wave might hit earlier than expected News ","{0, 0, 0, 0, 0, 0, 0, 0, 0}",0,0,1,0,0
"Covid third wave might hit earlier than expected News ","{0, 0, 0, 0, 0, 0, 0, 0, 0}",0,0,1,0,0
"Covid third wave might hit earlier than expected News ","{0, 0, 0, 0, 0, 0, 0, 0, 0}",0,0,1,0,0
"A birthday gift from South Africa","{0, 0, 1.9, 0, 0, 0}",0.44,0.367,0.633,0,0
"COVID Vaccination Programme rollout","{0, 0, 0, 0}",0,0,1,0,0
"Zweli Mkhizes family friend and ex private secretary pocket Covid cash via R m Department of Health contracts Daily Maverick","{0, 0, 0, 2.2, 0, 0, 0, 0, 0, 0, 0, 0, 0, 0, 0, 0, 0, 0, 0, 0}",0.494,0.144,0.856,0,0
"Covid corruption in Gauteng Makhura vows to jail guilty culprits News ","{0, 0, 0, 0, 0, 0, 0, 0, -1.8, 0, 0}",-0.421,0,0.781,0.219,0
"Doctors allegedly denied COVID vaccine at Steve Biko Hospital speak out","{0, 0, -1.9, 0, 0, 0, 0, 0, 0, 0, 0}",-0.44,0,0.775,0.225,0
"Help my friend fulfill his lifelong dream of being a Yacht Captain","{1.7, 0, 2.2, 1.9, 0, 0, 1, 0, 0, 0, 0, 0}",0.869,0.574,0.426,0,0
"France wants to support SA in producing Covid vaccine News ","{0, 0, 0, 1.7, 0, 0, 0, 0, 0, 0}",0.402,0.231,0.769,0,0
"When will home affairs be giving passports again ","{0, 0, 0, 0, 0, 1.4, 0, 0}",0.34,0.255,0.745,0,0
"Inside Covid Meet year old SA scientist at forefront of global research into variants big pharma retools vaccines BizNews","{0, 0, 0, 0, 0, 0, 0, 0, 0, 0, 0, 0, 0, 0, 0, 0, 0, 0, 0}",0,0,1,0,0
"Tygerberg Doctor reveals truth about Covid vaccines ","{0, 0, 0, 1.3, 0, 0, 0}",0.318,0.277,0.723,0,0
"Deeds office current turnaround time","{0, 0, 0, 0, 0}",0,0,1,0,0
"Big Pharma wants to help poor countries fight Covid but theyd better pay","{0, 0, 0, 0, 0.85, -1.05, 0, -0.8, 0, 0, 0, 2.85, -0.6}",0.307,0.298,0.418,0.285,1
"No tears Ramaphosa gets his COVID vaccine jab Eyewitness News","{0, 0.666, 0, 0, 0, 0, 0, 0, 0, 0}",0.169,0.156,0.844,0,0
"A Covid vaccine apartheid would endanger us all","{0, 0, 0, 0, 0, 0, 0, 0}",0,0,1,0,0
"ILRIG s latest infographic in which they highlight the need for a public free and equitable approach to COVID vaccines and debunk some common myths around them","{0, 0, 0, 0, 0, 0, 0, 1.4, 0, 0, 0, 0, 0, 2.3, 0, 0, 0, 0, 0, 0, 0, 0, 0, 0, 0, 0, 0}",0.691,0.186,0.814,0,0
"Surprisingly high number of South Africans have COVID antibodies","{1.2, 0, 0.3, 0, 0, 0, 0, 0, 0}",0.361,0.333,0.667,0,0
"Business Issue with SARS","{0, 0, 0, 0}",0,0,1,0,0
"SA secures over m COVID vaccine doses ahead of mass rollout Eyewitness News","{0, 1.3, 0, 0, 0, 0, 0, 0, 0, 0, 0, 0, 0}",0.318,0.161,0.839,0,0
"My time at the cape of Good Hope","{0, 0, 0, 0, 0, 0, 1.9, 1.9}",0.7,0.492,0.508,0,0
"Covid may have killed in in the Eastern Cape â€“ perhaps the worst rate in the world","{0, 0, 0, -3.5, 0, 0, 0, 0, 0, 0, 0, 0, -3.1, 0, 0, 0, 0}",-0.862,0,0.636,0.364,0
"Covid vaccine Johnson amp Johnson applies for emergency authorisation from SAHPRA IOL","{0, 0, 0, 0, 0, 0, 0, -1.6, 0, 0, 0, 0}",-0.382,0,0.809,0.191,0
"SA Soccer Economics Short Form podcast","{0, 0, 0, 0, 0, 0}",0,0,1,0,0
"What happened to SA ","{0, 0, 0, 0}",0,0,1,0,0
"I just wanted to take time to point out two great South African doctors who have been saving lives during this time of COVID ","{0, 0, 0, 0, 0, 0, 0, 0, 0, 0, 3.1, 0, 0, 0, 0, 0, 0, 0, 0, 0, 0, 0, 0, 0}",0.625,0.151,0.849,0,0
"Has anyone noticed a change in the drinking water ","{0, 0, 0, 0, 0, 0, 0, 0, 0}",0,0,1,0,0
"How dodgy officials cashed in on South Africas Covid pandemic Ramaphosa BusinessTech","{0, -0.9, 0, 0, 0, 0, 0, 0, 0, 0, 0, 0}",-0.226,0,0.853,0.147,0
"Covid RwandAir suspends flights to southern Africa","{0, 0, 0, 0, 0, 0, 0}",0,0,1,0,0
"AstraZeneca vaccine far less effective against South African Covid variant","{0, 0, 0, 0, 1.807, 0, 0, 0, 0, 0}",0.423,0.238,0.762,0,0
"South Africa Probe finds m hole in COVID funds Al Jazeera English","{0, 0, 0, 0, 0, 0, 0, 0, 0, 0, 0, 0}",0,0,1,0,0
"Mkhize explains why SA is paying more for the Covid vaccine in comparison to other nations SowetanLIVE","{0, 0, 0, 0, 0, 0, 0, 0, 0, 0, 0, 0, 0, 0, 0, 0, 0}",0,0,1,0,0
"Nearly new COVID deaths SA recovery rate at Eyewitness News","{0, 0, 0, 0, 0, 0, 0, 0, 0, 0}",0,0,1,0,0
"SA records new Covid infections and deaths in hours TimesLIVE","{0, 0, 0, 0, 0, 0, 0, 0, 0, 0}",0,0,1,0,0
" No meaningful evidence for clinical efficacy in patients with Covid ivermectin manufacturer","{0, 0, -0.962, 0, 0, 0, 0, 0, 0, 0, 0, 0, 0}",-0.241,0,0.859,0.141,0
"Family starting Ivermectin treatment today Should I take it ","{0, 0, 0, 0, 0, 0, 0, 0, 0}",0,0,1,0,0
"PPE in the crosshairs as AG guns for militarys R bn Covid allocation","{0, 0, 0, 0, 0, 0, 0, 0, 0, 0, 0, 0, 0}",0,0,1,0,0
"Covid in Hospital","{0, 0, 0}",0,0,1,0,0
"You can now register online for a COVID vaccine in South Africa","{0, 0, 0, 0, 0, 0, 0, 0, 0, 0, 0, 0}",0,0,1,0,0
"SA launches electronic COVID vaccination system Connecting Africa","{0, 0, 0, 0, 0, 0, 0, 0}",0,0,1,0,0
"DOCUMENTARY Scramble for COVID vaccine","{0, 0, 0, 0, 0}",0,0,1,0,0
"Report shows how South African workers were scammed out of Covid payments by their bosses BusinessTech","{0, 0, 0, 0, 0, 0, 0, 0, 0, 0, 0, 0, 0, 0, 0, 0}",0,0,1,0,0
"Australia Test tour to South Africa called off due to escalating Covid situation","{0, 0, 0, 0, 0, 0, 0, 0, 0, 0, 0, 0, 0}",0,0,1,0,0
"SA to nominate Cuban doctors for Nobel Peace Prize for helping in fight against Covid News ","{0, 0, 0, 0, 0, 0, 0, 2.5, 2.3, 0, 1.2, 0, -1.6, 0, 0, 0}",0.751,0.381,0.508,0.11,0
"Anyone else being Fooked by Planet Fitness ","{0, 0, 0, 0, 0, 0, 1.1}",0.273,0.259,0.741,0,0
"My fellow South Africans check out my succinct COVID site ","{0, 0, 0, 0, 0, 0, 0, 0, 0, 0}",0,0,1,0,0
"Ramaphosa defends enforcing lockdown to curb COVID infections Eyewitness News","{0, 0, 0, 0, 0, 0, 0, 0, 0, 0}",0,0,1,0,0
"South Africa set to receive another million surprise Covid vaccine doses","{0, 0, 0, 0, 0, 0, 0, 1.1, 0, 0, 0}",0.273,0.174,0.826,0,0
"President Cyril Ramaphosa to personally receive first batch of Covid vaccine doses News ","{0, 0, 0, 0, 0, 0, 0, 0, 0, 0, 0, 0, 0}",0,0,1,0,0
"The Supreme Court of Appeal has found that while the Covid pandemic poses the biggest threat to this country since the Spanish flu a century ago some restrictions infringed on our rights  like banning hot food and curbing exercise ","{0, 2.6, 0, 0, 0, 0, 0, 0, 0, 0, 0, 0, 0, 0, 0, -2.4, 0, 0, 0, 0, 0, 0, -1.6, 0, 0, 0, 0, 0, 0, 0, 0, 0, 0, 1.5, 0, 0, 0, 0, 0, 0}",0.026,0.127,0.748,0.125,0
"Covid South Africa records new cases more deaths News ","{0, 0, 0, 0, 0, 0, 0, 0, 0}",0,0,1,0,0
"What are some popular travel destinations for South Africans ","{0, 0, 0, 1.8, 0, 0, 0, 0, 0}",0.421,0.259,0.741,0,0
"GROUNDUP Op ed Covid Ivermectin obsession is dangerous","{0, 0, 0, 0, 0, -1.4, 0, -2.1}",-0.67,0,0.522,0.478,0
"Cuban Medical Brigade to be nominated for Nobel peace prize","{0, 0, 0, 0, 0, 0, 0, 0, 2.5, 2.3}",0.778,0.459,0.541,0,0
"We Know More About Those COVID Variants It s Not Great SciShow News","{0, 0, 0, 0, 0, 0, 0, 0, 0, 0, -2.294, 0, 0}",-0.51,0,0.785,0.215,0
